pattern,name,default_kwargs,app_name,namespace
,launcher,{},,
overview/,overview,{},,
apps/,apps,{},,
dashboard/,dashboard,{},,
admin-dashboard/,admin_dashboard,{},,
admin-dashboard/pdf/,admin_dashboard_pdf,{},,
job-titles/,job_title_list,{},,
job-titles/create/,job_title_create,{},,
job-titles/<int:pk>/edit/,job_title_update,{},,
job-titles/<int:pk>/delete/,job_title_delete,{},,
units/,unit_list,{},,
units/create/,unit_create,{},,
units/<int:pk>/edit/,unit_update,{},,
units/<int:pk>/delete/,unit_delete,{},,
evaluation-criteria/,criteria_list,{},,
evaluation-criteria/create/,criteria_create,{},,
evaluation-criteria/<int:pk>/edit/,criteria_update,{},,
evaluation-criteria/<int:pk>/delete/,criteria_delete,{},,
stage-types/,stage_type_list,{},,
stage-types/create/,stage_type_create,{},,
stage-types/<int:pk>/edit/,stage_type_update,{},,
stage-types/<int:pk>/delete/,stage_type_delete,{},,
risk-thresholds/,risk_threshold_list,{},,
risk-thresholds/create/,risk_threshold_create,{},,
risk-thresholds/<int:pk>/edit/,risk_threshold_update,{},,
risk-thresholds/<int:pk>/delete/,risk_threshold_delete,{},,
department-roles/,department_role_list,{},,
department-roles/create/,department_role_create,{},,
department-roles/<int:pk>/edit/,department_role_update,{},,
department-roles/<int:pk>/delete/,department_role_delete,{},,
payment/fawry/,fawry_payment,{},,
offline.html,offline,{},,
sw.js,sw_js,{},,
launcher/,launcher_alias,{},,
favicon.ico,favicon,{},,
debug/urls-health/,urls_health,{},,
admin/,index,{},,
admin/login/,login,{},,
admin/logout/,logout,{},,
admin/password_change/,password_change,{},,
admin/password_change/done/,password_change_done,{},,
admin/autocomplete/,autocomplete,{},,
admin/jsi18n/,jsi18n,{},,
admin/r/<int:content_type_id>/<path:object_id>/,view_on_site,{},,
admin/auth/group/,auth_group_changelist,{},,
admin/auth/group/add/,auth_group_add,{},,
admin/auth/group/<path:object_id>/history/,auth_group_history,{},,
admin/auth/group/<path:object_id>/delete/,auth_group_delete,{},,
admin/auth/group/<path:object_id>/change/,auth_group_change,{},,
admin/auth/group/<path:object_id>/,,{},,
admin/auth/user/<id>/password/,auth_user_password_change,{},,
admin/auth/user/,auth_user_changelist,{},,
admin/auth/user/add/,auth_user_add,{},,
admin/auth/user/<path:object_id>/history/,auth_user_history,{},,
admin/auth/user/<path:object_id>/delete/,auth_user_delete,{},,
admin/auth/user/<path:object_id>/change/,auth_user_change,{},,
admin/auth/user/<path:object_id>/,,{},,
admin/django_celery_results/taskresult/,django_celery_results_taskresult_changelist,{},,
admin/django_celery_results/taskresult/add/,django_celery_results_taskresult_add,{},,
admin/django_celery_results/taskresult/<path:object_id>/history/,django_celery_results_taskresult_history,{},,
admin/django_celery_results/taskresult/<path:object_id>/delete/,django_celery_results_taskresult_delete,{},,
admin/django_celery_results/taskresult/<path:object_id>/change/,django_celery_results_taskresult_change,{},,
admin/django_celery_results/taskresult/<path:object_id>/,,{},,
admin/django_celery_results/groupresult/,django_celery_results_groupresult_changelist,{},,
admin/django_celery_results/groupresult/add/,django_celery_results_groupresult_add,{},,
admin/django_celery_results/groupresult/<path:object_id>/history/,django_celery_results_groupresult_history,{},,
admin/django_celery_results/groupresult/<path:object_id>/delete/,django_celery_results_groupresult_delete,{},,
admin/django_celery_results/groupresult/<path:object_id>/change/,django_celery_results_groupresult_change,{},,
admin/django_celery_results/groupresult/<path:object_id>/,,{},,
admin/django_celery_beat/periodictask/,django_celery_beat_periodictask_changelist,{},,
admin/django_celery_beat/periodictask/add/,django_celery_beat_periodictask_add,{},,
admin/django_celery_beat/periodictask/<path:object_id>/history/,django_celery_beat_periodictask_history,{},,
admin/django_celery_beat/periodictask/<path:object_id>/delete/,django_celery_beat_periodictask_delete,{},,
admin/django_celery_beat/periodictask/<path:object_id>/change/,django_celery_beat_periodictask_change,{},,
admin/django_celery_beat/periodictask/<path:object_id>/,,{},,
admin/django_celery_beat/clockedschedule/,django_celery_beat_clockedschedule_changelist,{},,
admin/django_celery_beat/clockedschedule/add/,django_celery_beat_clockedschedule_add,{},,
admin/django_celery_beat/clockedschedule/<path:object_id>/history/,django_celery_beat_clockedschedule_history,{},,
admin/django_celery_beat/clockedschedule/<path:object_id>/delete/,django_celery_beat_clockedschedule_delete,{},,
admin/django_celery_beat/clockedschedule/<path:object_id>/change/,django_celery_beat_clockedschedule_change,{},,
admin/django_celery_beat/clockedschedule/<path:object_id>/,,{},,
admin/django_celery_beat/crontabschedule/,django_celery_beat_crontabschedule_changelist,{},,
admin/django_celery_beat/crontabschedule/add/,django_celery_beat_crontabschedule_add,{},,
admin/django_celery_beat/crontabschedule/<path:object_id>/history/,django_celery_beat_crontabschedule_history,{},,
admin/django_celery_beat/crontabschedule/<path:object_id>/delete/,django_celery_beat_crontabschedule_delete,{},,
admin/django_celery_beat/crontabschedule/<path:object_id>/change/,django_celery_beat_crontabschedule_change,{},,
admin/django_celery_beat/crontabschedule/<path:object_id>/,,{},,
admin/django_celery_beat/intervalschedule/,django_celery_beat_intervalschedule_changelist,{},,
admin/django_celery_beat/intervalschedule/add/,django_celery_beat_intervalschedule_add,{},,
admin/django_celery_beat/intervalschedule/<path:object_id>/history/,django_celery_beat_intervalschedule_history,{},,
admin/django_celery_beat/intervalschedule/<path:object_id>/delete/,django_celery_beat_intervalschedule_delete,{},,
admin/django_celery_beat/intervalschedule/<path:object_id>/change/,django_celery_beat_intervalschedule_change,{},,
admin/django_celery_beat/intervalschedule/<path:object_id>/,,{},,
admin/django_celery_beat/solarschedule/,django_celery_beat_solarschedule_changelist,{},,
admin/django_celery_beat/solarschedule/add/,django_celery_beat_solarschedule_add,{},,
admin/django_celery_beat/solarschedule/<path:object_id>/history/,django_celery_beat_solarschedule_history,{},,
admin/django_celery_beat/solarschedule/<path:object_id>/delete/,django_celery_beat_solarschedule_delete,{},,
admin/django_celery_beat/solarschedule/<path:object_id>/change/,django_celery_beat_solarschedule_change,{},,
admin/django_celery_beat/solarschedule/<path:object_id>/,,{},,
admin/core/jobtitle/,core_jobtitle_changelist,{},,
admin/core/jobtitle/add/,core_jobtitle_add,{},,
admin/core/jobtitle/<path:object_id>/history/,core_jobtitle_history,{},,
admin/core/jobtitle/<path:object_id>/delete/,core_jobtitle_delete,{},,
admin/core/jobtitle/<path:object_id>/change/,core_jobtitle_change,{},,
admin/core/jobtitle/<path:object_id>/,,{},,
admin/core/unit/,core_unit_changelist,{},,
admin/core/unit/add/,core_unit_add,{},,
admin/core/unit/<path:object_id>/history/,core_unit_history,{},,
admin/core/unit/<path:object_id>/delete/,core_unit_delete,{},,
admin/core/unit/<path:object_id>/change/,core_unit_change,{},,
admin/core/unit/<path:object_id>/,,{},,
admin/core/evaluationcriteria/,core_evaluationcriteria_changelist,{},,
admin/core/evaluationcriteria/add/,core_evaluationcriteria_add,{},,
admin/core/evaluationcriteria/<path:object_id>/history/,core_evaluationcriteria_history,{},,
admin/core/evaluationcriteria/<path:object_id>/delete/,core_evaluationcriteria_delete,{},,
admin/core/evaluationcriteria/<path:object_id>/change/,core_evaluationcriteria_change,{},,
admin/core/evaluationcriteria/<path:object_id>/,,{},,
admin/core/productionstagetype/,core_productionstagetype_changelist,{},,
admin/core/productionstagetype/add/,core_productionstagetype_add,{},,
admin/core/productionstagetype/<path:object_id>/history/,core_productionstagetype_history,{},,
admin/core/productionstagetype/<path:object_id>/delete/,core_productionstagetype_delete,{},,
admin/core/productionstagetype/<path:object_id>/change/,core_productionstagetype_change,{},,
admin/core/productionstagetype/<path:object_id>/,,{},,
admin/core/riskthreshold/,core_riskthreshold_changelist,{},,
admin/core/riskthreshold/add/,core_riskthreshold_add,{},,
admin/core/riskthreshold/<path:object_id>/history/,core_riskthreshold_history,{},,
admin/core/riskthreshold/<path:object_id>/delete/,core_riskthreshold_delete,{},,
admin/core/riskthreshold/<path:object_id>/change/,core_riskthreshold_change,{},,
admin/core/riskthreshold/<path:object_id>/,,{},,
admin/core/departmentrole/,core_departmentrole_changelist,{},,
admin/core/departmentrole/add/,core_departmentrole_add,{},,
admin/core/departmentrole/<path:object_id>/history/,core_departmentrole_history,{},,
admin/core/departmentrole/<path:object_id>/delete/,core_departmentrole_delete,{},,
admin/core/departmentrole/<path:object_id>/change/,core_departmentrole_change,{},,
admin/core/departmentrole/<path:object_id>/,,{},,
admin/core/role/,core_role_changelist,{},,
admin/core/role/add/,core_role_add,{},,
admin/core/role/<path:object_id>/history/,core_role_history,{},,
admin/core/role/<path:object_id>/delete/,core_role_delete,{},,
admin/core/role/<path:object_id>/change/,core_role_change,{},,
admin/core/role/<path:object_id>/,,{},,
admin/core/rolerequest/,core_rolerequest_changelist,{},,
admin/core/rolerequest/add/,core_rolerequest_add,{},,
admin/core/rolerequest/<path:object_id>/history/,core_rolerequest_history,{},,
admin/core/rolerequest/<path:object_id>/delete/,core_rolerequest_delete,{},,
admin/core/rolerequest/<path:object_id>/change/,core_rolerequest_change,{},,
admin/core/rolerequest/<path:object_id>/,,{},,
admin/core/accesslog/,core_accesslog_changelist,{},,
admin/core/accesslog/add/,core_accesslog_add,{},,
admin/core/accesslog/<path:object_id>/history/,core_accesslog_history,{},,
admin/core/accesslog/<path:object_id>/delete/,core_accesslog_delete,{},,
admin/core/accesslog/<path:object_id>/change/,core_accesslog_change,{},,
admin/core/accesslog/<path:object_id>/,,{},,
admin/core/permissionmatrix/,core_permissionmatrix_changelist,{},,
admin/core/permissionmatrix/add/,core_permissionmatrix_add,{},,
admin/core/permissionmatrix/<path:object_id>/history/,core_permissionmatrix_history,{},,
admin/core/permissionmatrix/<path:object_id>/delete/,core_permissionmatrix_delete,{},,
admin/core/permissionmatrix/<path:object_id>/change/,core_permissionmatrix_change,{},,
admin/core/permissionmatrix/<path:object_id>/,,{},,
admin/core/temporaryaccessoverride/,core_temporaryaccessoverride_changelist,{},,
admin/core/temporaryaccessoverride/add/,core_temporaryaccessoverride_add,{},,
admin/core/temporaryaccessoverride/<path:object_id>/history/,core_temporaryaccessoverride_history,{},,
admin/core/temporaryaccessoverride/<path:object_id>/delete/,core_temporaryaccessoverride_delete,{},,
admin/core/temporaryaccessoverride/<path:object_id>/change/,core_temporaryaccessoverride_change,{},,
admin/core/temporaryaccessoverride/<path:object_id>/,,{},,
admin/employees/employee/,employees_employee_changelist,{},,
admin/employees/employee/add/,employees_employee_add,{},,
admin/employees/employee/<path:object_id>/history/,employees_employee_history,{},,
admin/employees/employee/<path:object_id>/delete/,employees_employee_delete,{},,
admin/employees/employee/<path:object_id>/change/,employees_employee_change,{},,
admin/employees/employee/<path:object_id>/,,{},,
admin/attendance/attendance/,attendance_attendance_changelist,{},,
admin/attendance/attendance/add/,attendance_attendance_add,{},,
admin/attendance/attendance/<path:object_id>/history/,attendance_attendance_history,{},,
admin/attendance/attendance/<path:object_id>/delete/,attendance_attendance_delete,{},,
admin/attendance/attendance/<path:object_id>/change/,attendance_attendance_change,{},,
admin/attendance/attendance/<path:object_id>/,,{},,
admin/evaluation/evaluation/,evaluation_evaluation_changelist,{},,
admin/evaluation/evaluation/add/,evaluation_evaluation_add,{},,
admin/evaluation/evaluation/<path:object_id>/history/,evaluation_evaluation_history,{},,
admin/evaluation/evaluation/<path:object_id>/delete/,evaluation_evaluation_delete,{},,
admin/evaluation/evaluation/<path:object_id>/change/,evaluation_evaluation_change,{},,
admin/evaluation/evaluation/<path:object_id>/,,{},,
admin/payroll/salary/,payroll_salary_changelist,{},,
admin/payroll/salary/add/,payroll_salary_add,{},,
admin/payroll/salary/<path:object_id>/history/,payroll_salary_history,{},,
admin/payroll/salary/<path:object_id>/delete/,payroll_salary_delete,{},,
admin/payroll/salary/<path:object_id>/change/,payroll_salary_change,{},,
admin/payroll/salary/<path:object_id>/,,{},,
admin/payroll/advance/,payroll_advance_changelist,{},,
admin/payroll/advance/add/,payroll_advance_add,{},,
admin/payroll/advance/<path:object_id>/history/,payroll_advance_history,{},,
admin/payroll/advance/<path:object_id>/delete/,payroll_advance_delete,{},,
admin/payroll/advance/<path:object_id>/change/,payroll_advance_change,{},,
admin/payroll/advance/<path:object_id>/,,{},,
admin/payroll/paymentrecord/,payroll_paymentrecord_changelist,{},,
admin/payroll/paymentrecord/add/,payroll_paymentrecord_add,{},,
admin/payroll/paymentrecord/<path:object_id>/history/,payroll_paymentrecord_history,{},,
admin/payroll/paymentrecord/<path:object_id>/delete/,payroll_paymentrecord_delete,{},,
admin/payroll/paymentrecord/<path:object_id>/change/,payroll_paymentrecord_change,{},,
admin/payroll/paymentrecord/<path:object_id>/,,{},,
admin/payroll/historicalpayment/,payroll_historicalpayment_changelist,{},,
admin/payroll/historicalpayment/add/,payroll_historicalpayment_add,{},,
admin/payroll/historicalpayment/<path:object_id>/history/,payroll_historicalpayment_history,{},,
admin/payroll/historicalpayment/<path:object_id>/delete/,payroll_historicalpayment_delete,{},,
admin/payroll/historicalpayment/<path:object_id>/change/,payroll_historicalpayment_change,{},,
admin/payroll/historicalpayment/<path:object_id>/,,{},,
admin/payroll/attendancerecord/,payroll_attendancerecord_changelist,{},,
admin/payroll/attendancerecord/add/,payroll_attendancerecord_add,{},,
admin/payroll/attendancerecord/<path:object_id>/history/,payroll_attendancerecord_history,{},,
admin/payroll/attendancerecord/<path:object_id>/delete/,payroll_attendancerecord_delete,{},,
admin/payroll/attendancerecord/<path:object_id>/change/,payroll_attendancerecord_change,{},,
admin/payroll/attendancerecord/<path:object_id>/,,{},,
admin/payroll/monthlyincentive/,payroll_monthlyincentive_changelist,{},,
admin/payroll/monthlyincentive/add/,payroll_monthlyincentive_add,{},,
admin/payroll/monthlyincentive/<path:object_id>/history/,payroll_monthlyincentive_history,{},,
admin/payroll/monthlyincentive/<path:object_id>/delete/,payroll_monthlyincentive_delete,{},,
admin/payroll/monthlyincentive/<path:object_id>/change/,payroll_monthlyincentive_change,{},,
admin/payroll/monthlyincentive/<path:object_id>/,,{},,
admin/payroll/policysetting/,payroll_policysetting_changelist,{},,
admin/payroll/policysetting/add/,payroll_policysetting_add,{},,
admin/payroll/policysetting/<path:object_id>/history/,payroll_policysetting_history,{},,
admin/payroll/policysetting/<path:object_id>/delete/,payroll_policysetting_delete,{},,
admin/payroll/policysetting/<path:object_id>/change/,payroll_policysetting_change,{},,
admin/payroll/policysetting/<path:object_id>/,,{},,
admin/departments/department/,departments_department_changelist,{},,
admin/departments/department/add/,departments_department_add,{},,
admin/departments/department/<path:object_id>/history/,departments_department_history,{},,
admin/departments/department/<path:object_id>/delete/,departments_department_delete,{},,
admin/departments/department/<path:object_id>/change/,departments_department_change,{},,
admin/departments/department/<path:object_id>/,,{},,
admin/discipline/disciplinerecord/,discipline_disciplinerecord_changelist,{},,
admin/discipline/disciplinerecord/add/,discipline_disciplinerecord_add,{},,
admin/discipline/disciplinerecord/<path:object_id>/history/,discipline_disciplinerecord_history,{},,
admin/discipline/disciplinerecord/<path:object_id>/delete/,discipline_disciplinerecord_delete,{},,
admin/discipline/disciplinerecord/<path:object_id>/change/,discipline_disciplinerecord_change,{},,
admin/discipline/disciplinerecord/<path:object_id>/,,{},,
admin/employee_monitoring/monitoringrecord/,employee_monitoring_monitoringrecord_changelist,{},,
admin/employee_monitoring/monitoringrecord/add/,employee_monitoring_monitoringrecord_add,{},,
admin/employee_monitoring/monitoringrecord/<path:object_id>/history/,employee_monitoring_monitoringrecord_history,{},,
admin/employee_monitoring/monitoringrecord/<path:object_id>/delete/,employee_monitoring_monitoringrecord_delete,{},,
admin/employee_monitoring/monitoringrecord/<path:object_id>/change/,employee_monitoring_monitoringrecord_change,{},,
admin/employee_monitoring/monitoringrecord/<path:object_id>/,,{},,
admin/employee_monitoring/evaluation/,employee_monitoring_evaluation_changelist,{},,
admin/employee_monitoring/evaluation/add/,employee_monitoring_evaluation_add,{},,
admin/employee_monitoring/evaluation/<path:object_id>/history/,employee_monitoring_evaluation_history,{},,
admin/employee_monitoring/evaluation/<path:object_id>/delete/,employee_monitoring_evaluation_delete,{},,
admin/employee_monitoring/evaluation/<path:object_id>/change/,employee_monitoring_evaluation_change,{},,
admin/employee_monitoring/evaluation/<path:object_id>/,,{},,
admin/production/productionorder/,production_productionorder_changelist,{},,
admin/production/productionorder/add/,production_productionorder_add,{},,
admin/production/productionorder/<path:object_id>/history/,production_productionorder_history,{},,
admin/production/productionorder/<path:object_id>/delete/,production_productionorder_delete,{},,
admin/production/productionorder/<path:object_id>/change/,production_productionorder_change,{},,
admin/production/productionorder/<path:object_id>/,,{},,
admin/production/productionstage/,production_productionstage_changelist,{},,
admin/production/productionstage/add/,production_productionstage_add,{},,
admin/production/productionstage/<path:object_id>/history/,production_productionstage_history,{},,
admin/production/productionstage/<path:object_id>/delete/,production_productionstage_delete,{},,
admin/production/productionstage/<path:object_id>/change/,production_productionstage_change,{},,
admin/production/productionstage/<path:object_id>/,,{},,
admin/production/materialconsumption/,production_materialconsumption_changelist,{},,
admin/production/materialconsumption/add/,production_materialconsumption_add,{},,
admin/production/materialconsumption/<path:object_id>/history/,production_materialconsumption_history,{},,
admin/production/materialconsumption/<path:object_id>/delete/,production_materialconsumption_delete,{},,
admin/production/materialconsumption/<path:object_id>/change/,production_materialconsumption_change,{},,
admin/production/materialconsumption/<path:object_id>/,,{},,
admin/production/qualitycheck/,production_qualitycheck_changelist,{},,
admin/production/qualitycheck/add/,production_qualitycheck_add,{},,
admin/production/qualitycheck/<path:object_id>/history/,production_qualitycheck_history,{},,
admin/production/qualitycheck/<path:object_id>/delete/,production_qualitycheck_delete,{},,
admin/production/qualitycheck/<path:object_id>/change/,production_qualitycheck_change,{},,
admin/production/qualitycheck/<path:object_id>/,,{},,
admin/production/productversion/,production_productversion_changelist,{},,
admin/production/productversion/add/,production_productversion_add,{},,
admin/production/productversion/<path:object_id>/history/,production_productversion_history,{},,
admin/production/productversion/<path:object_id>/delete/,production_productversion_delete,{},,
admin/production/productversion/<path:object_id>/change/,production_productversion_change,{},,
admin/production/productversion/<path:object_id>/,,{},,
admin/products/product/,products_product_changelist,{},,
admin/products/product/add/,products_product_add,{},,
admin/products/product/<path:object_id>/history/,products_product_history,{},,
admin/products/product/<path:object_id>/delete/,products_product_delete,{},,
admin/products/product/<path:object_id>/change/,products_product_change,{},,
admin/products/product/<path:object_id>/,,{},,
admin/products/finishedproduct/,products_finishedproduct_changelist,{},,
admin/products/finishedproduct/add/,products_finishedproduct_add,{},,
admin/products/finishedproduct/<path:object_id>/history/,products_finishedproduct_history,{},,
admin/products/finishedproduct/<path:object_id>/delete/,products_finishedproduct_delete,{},,
admin/products/finishedproduct/<path:object_id>/change/,products_finishedproduct_change,{},,
admin/products/finishedproduct/<path:object_id>/,,{},,
admin/inventory/inventoryitem/,inventory_inventoryitem_changelist,{},,
admin/inventory/inventoryitem/add/,inventory_inventoryitem_add,{},,
admin/inventory/inventoryitem/<path:object_id>/history/,inventory_inventoryitem_history,{},,
admin/inventory/inventoryitem/<path:object_id>/delete/,inventory_inventoryitem_delete,{},,
admin/inventory/inventoryitem/<path:object_id>/change/,inventory_inventoryitem_change,{},,
admin/inventory/inventoryitem/<path:object_id>/,,{},,
admin/inventory/rawmaterial/,inventory_rawmaterial_changelist,{},,
admin/inventory/rawmaterial/add/,inventory_rawmaterial_add,{},,
admin/inventory/rawmaterial/<path:object_id>/history/,inventory_rawmaterial_history,{},,
admin/inventory/rawmaterial/<path:object_id>/delete/,inventory_rawmaterial_delete,{},,
admin/inventory/rawmaterial/<path:object_id>/change/,inventory_rawmaterial_change,{},,
admin/inventory/rawmaterial/<path:object_id>/,,{},,
admin/inventory/warehouse/,inventory_warehouse_changelist,{},,
admin/inventory/warehouse/add/,inventory_warehouse_add,{},,
admin/inventory/warehouse/<path:object_id>/history/,inventory_warehouse_history,{},,
admin/inventory/warehouse/<path:object_id>/delete/,inventory_warehouse_delete,{},,
admin/inventory/warehouse/<path:object_id>/change/,inventory_warehouse_change,{},,
admin/inventory/warehouse/<path:object_id>/,,{},,
admin/inventory/inventorymovement/,inventory_inventorymovement_changelist,{},,
admin/inventory/inventorymovement/add/,inventory_inventorymovement_add,{},,
admin/inventory/inventorymovement/<path:object_id>/history/,inventory_inventorymovement_history,{},,
admin/inventory/inventorymovement/<path:object_id>/delete/,inventory_inventorymovement_delete,{},,
admin/inventory/inventorymovement/<path:object_id>/change/,inventory_inventorymovement_change,{},,
admin/inventory/inventorymovement/<path:object_id>/,,{},,
admin/inventory/inventoryaudit/,inventory_inventoryaudit_changelist,{},,
admin/inventory/inventoryaudit/add/,inventory_inventoryaudit_add,{},,
admin/inventory/inventoryaudit/<path:object_id>/history/,inventory_inventoryaudit_history,{},,
admin/inventory/inventoryaudit/<path:object_id>/delete/,inventory_inventoryaudit_delete,{},,
admin/inventory/inventoryaudit/<path:object_id>/change/,inventory_inventoryaudit_change,{},,
admin/inventory/inventoryaudit/<path:object_id>/,,{},,
admin/inventory/inventoryaudititem/,inventory_inventoryaudititem_changelist,{},,
admin/inventory/inventoryaudititem/add/,inventory_inventoryaudititem_add,{},,
admin/inventory/inventoryaudititem/<path:object_id>/history/,inventory_inventoryaudititem_history,{},,
admin/inventory/inventoryaudititem/<path:object_id>/delete/,inventory_inventoryaudititem_delete,{},,
admin/inventory/inventoryaudititem/<path:object_id>/change/,inventory_inventoryaudititem_change,{},,
admin/inventory/inventoryaudititem/<path:object_id>/,,{},,
admin/inventory/inventorydiscrepancyinvestigation/,inventory_inventorydiscrepancyinvestigation_changelist,{},,
admin/inventory/inventorydiscrepancyinvestigation/add/,inventory_inventorydiscrepancyinvestigation_add,{},,
admin/inventory/inventorydiscrepancyinvestigation/<path:object_id>/history/,inventory_inventorydiscrepancyinvestigation_history,{},,
admin/inventory/inventorydiscrepancyinvestigation/<path:object_id>/delete/,inventory_inventorydiscrepancyinvestigation_delete,{},,
admin/inventory/inventorydiscrepancyinvestigation/<path:object_id>/change/,inventory_inventorydiscrepancyinvestigation_change,{},,
admin/inventory/inventorydiscrepancyinvestigation/<path:object_id>/,,{},,
admin/survey/survey/,survey_survey_changelist,{},,
admin/survey/survey/add/,survey_survey_add,{},,
admin/survey/survey/<path:object_id>/history/,survey_survey_history,{},,
admin/survey/survey/<path:object_id>/delete/,survey_survey_delete,{},,
admin/survey/survey/<path:object_id>/change/,survey_survey_change,{},,
admin/survey/survey/<path:object_id>/,,{},,
admin/survey/surveyquestion/,survey_surveyquestion_changelist,{},,
admin/survey/surveyquestion/add/,survey_surveyquestion_add,{},,
admin/survey/surveyquestion/<path:object_id>/history/,survey_surveyquestion_history,{},,
admin/survey/surveyquestion/<path:object_id>/delete/,survey_surveyquestion_delete,{},,
admin/survey/surveyquestion/<path:object_id>/change/,survey_surveyquestion_change,{},,
admin/survey/surveyquestion/<path:object_id>/,,{},,
admin/survey/surveychoice/,survey_surveychoice_changelist,{},,
admin/survey/surveychoice/add/,survey_surveychoice_add,{},,
admin/survey/surveychoice/<path:object_id>/history/,survey_surveychoice_history,{},,
admin/survey/surveychoice/<path:object_id>/delete/,survey_surveychoice_delete,{},,
admin/survey/surveychoice/<path:object_id>/change/,survey_surveychoice_change,{},,
admin/survey/surveychoice/<path:object_id>/,,{},,
admin/survey/surveyresponse/,survey_surveyresponse_changelist,{},,
admin/survey/surveyresponse/add/,survey_surveyresponse_add,{},,
admin/survey/surveyresponse/<path:object_id>/history/,survey_surveyresponse_history,{},,
admin/survey/surveyresponse/<path:object_id>/delete/,survey_surveyresponse_delete,{},,
admin/survey/surveyresponse/<path:object_id>/change/,survey_surveyresponse_change,{},,
admin/survey/surveyresponse/<path:object_id>/,,{},,
admin/survey/answer/,survey_answer_changelist,{},,
admin/survey/answer/add/,survey_answer_add,{},,
admin/survey/answer/<path:object_id>/history/,survey_answer_history,{},,
admin/survey/answer/<path:object_id>/delete/,survey_answer_delete,{},,
admin/survey/answer/<path:object_id>/change/,survey_answer_change,{},,
admin/survey/answer/<path:object_id>/,,{},,
admin/tracking/producttracking/,tracking_producttracking_changelist,{},,
admin/tracking/producttracking/add/,tracking_producttracking_add,{},,
admin/tracking/producttracking/<path:object_id>/history/,tracking_producttracking_history,{},,
admin/tracking/producttracking/<path:object_id>/delete/,tracking_producttracking_delete,{},,
admin/tracking/producttracking/<path:object_id>/change/,tracking_producttracking_change,{},,
admin/tracking/producttracking/<path:object_id>/,,{},,
admin/tracking/producttrackingmovement/,tracking_producttrackingmovement_changelist,{},,
admin/tracking/producttrackingmovement/add/,tracking_producttrackingmovement_add,{},,
admin/tracking/producttrackingmovement/<path:object_id>/history/,tracking_producttrackingmovement_history,{},,
admin/tracking/producttrackingmovement/<path:object_id>/delete/,tracking_producttrackingmovement_delete,{},,
admin/tracking/producttrackingmovement/<path:object_id>/change/,tracking_producttrackingmovement_change,{},,
admin/tracking/producttrackingmovement/<path:object_id>/,,{},,
admin/media/mediafile/,media_mediafile_changelist,{},,
admin/media/mediafile/add/,media_mediafile_add,{},,
admin/media/mediafile/<path:object_id>/history/,media_mediafile_history,{},,
admin/media/mediafile/<path:object_id>/delete/,media_mediafile_delete,{},,
admin/media/mediafile/<path:object_id>/change/,media_mediafile_change,{},,
admin/media/mediafile/<path:object_id>/,,{},,
admin/maintenance/machine/,maintenance_machine_changelist,{},,
admin/maintenance/machine/add/,maintenance_machine_add,{},,
admin/maintenance/machine/<path:object_id>/history/,maintenance_machine_history,{},,
admin/maintenance/machine/<path:object_id>/delete/,maintenance_machine_delete,{},,
admin/maintenance/machine/<path:object_id>/change/,maintenance_machine_change,{},,
admin/maintenance/machine/<path:object_id>/,,{},,
admin/maintenance/maintenancelog/,maintenance_maintenancelog_changelist,{},,
admin/maintenance/maintenancelog/add/,maintenance_maintenancelog_add,{},,
admin/maintenance/maintenancelog/<path:object_id>/history/,maintenance_maintenancelog_history,{},,
admin/maintenance/maintenancelog/<path:object_id>/delete/,maintenance_maintenancelog_delete,{},,
admin/maintenance/maintenancelog/<path:object_id>/change/,maintenance_maintenancelog_change,{},,
admin/maintenance/maintenancelog/<path:object_id>/,,{},,
admin/maintenance/maintenancerequest/,maintenance_maintenancerequest_changelist,{},,
admin/maintenance/maintenancerequest/add/,maintenance_maintenancerequest_add,{},,
admin/maintenance/maintenancerequest/<path:object_id>/history/,maintenance_maintenancerequest_history,{},,
admin/maintenance/maintenancerequest/<path:object_id>/delete/,maintenance_maintenancerequest_delete,{},,
admin/maintenance/maintenancerequest/<path:object_id>/change/,maintenance_maintenancerequest_change,{},,
admin/maintenance/maintenancerequest/<path:object_id>/,,{},,
admin/monitoring/client/,monitoring_client_changelist,{},,
admin/monitoring/client/add/,monitoring_client_add,{},,
admin/monitoring/client/<path:object_id>/history/,monitoring_client_history,{},,
admin/monitoring/client/<path:object_id>/delete/,monitoring_client_delete,{},,
admin/monitoring/client/<path:object_id>/change/,monitoring_client_change,{},,
admin/monitoring/client/<path:object_id>/,,{},,
admin/monitoring/distributionorder/,monitoring_distributionorder_changelist,{},,
admin/monitoring/distributionorder/add/,monitoring_distributionorder_add,{},,
admin/monitoring/distributionorder/<path:object_id>/history/,monitoring_distributionorder_history,{},,
admin/monitoring/distributionorder/<path:object_id>/delete/,monitoring_distributionorder_delete,{},,
admin/monitoring/distributionorder/<path:object_id>/change/,monitoring_distributionorder_change,{},,
admin/monitoring/distributionorder/<path:object_id>/,,{},,
admin/monitoring/shipment/,monitoring_shipment_changelist,{},,
admin/monitoring/shipment/add/,monitoring_shipment_add,{},,
admin/monitoring/shipment/<path:object_id>/history/,monitoring_shipment_history,{},,
admin/monitoring/shipment/<path:object_id>/delete/,monitoring_shipment_delete,{},,
admin/monitoring/shipment/<path:object_id>/change/,monitoring_shipment_change,{},,
admin/monitoring/shipment/<path:object_id>/,,{},,
admin/internal_monitoring/riskincident/,internal_monitoring_riskincident_changelist,{},,
admin/internal_monitoring/riskincident/add/,internal_monitoring_riskincident_add,{},,
admin/internal_monitoring/riskincident/<path:object_id>/history/,internal_monitoring_riskincident_history,{},,
admin/internal_monitoring/riskincident/<path:object_id>/delete/,internal_monitoring_riskincident_delete,{},,
admin/internal_monitoring/riskincident/<path:object_id>/change/,internal_monitoring_riskincident_change,{},,
admin/internal_monitoring/riskincident/<path:object_id>/,,{},,
admin/pattern/patterndesign/,pattern_patterndesign_changelist,{},,
admin/pattern/patterndesign/add/,pattern_patterndesign_add,{},,
admin/pattern/patterndesign/<path:object_id>/history/,pattern_patterndesign_history,{},,
admin/pattern/patterndesign/<path:object_id>/delete/,pattern_patterndesign_delete,{},,
admin/pattern/patterndesign/<path:object_id>/change/,pattern_patterndesign_change,{},,
admin/pattern/patterndesign/<path:object_id>/,,{},,
admin/pattern/patternpiece/,pattern_patternpiece_changelist,{},,
admin/pattern/patternpiece/add/,pattern_patternpiece_add,{},,
admin/pattern/patternpiece/<path:object_id>/history/,pattern_patternpiece_history,{},,
admin/pattern/patternpiece/<path:object_id>/delete/,pattern_patternpiece_delete,{},,
admin/pattern/patternpiece/<path:object_id>/change/,pattern_patternpiece_change,{},,
admin/pattern/patternpiece/<path:object_id>/,,{},,
admin/pattern/patternexecution/,pattern_patternexecution_changelist,{},,
admin/pattern/patternexecution/add/,pattern_patternexecution_add,{},,
admin/pattern/patternexecution/<path:object_id>/history/,pattern_patternexecution_history,{},,
admin/pattern/patternexecution/<path:object_id>/delete/,pattern_patternexecution_delete,{},,
admin/pattern/patternexecution/<path:object_id>/change/,pattern_patternexecution_change,{},,
admin/pattern/patternexecution/<path:object_id>/,,{},,
admin/voice_commands/voicecommand/,voice_commands_voicecommand_changelist,{},,
admin/voice_commands/voicecommand/add/,voice_commands_voicecommand_add,{},,
admin/voice_commands/voicecommand/<path:object_id>/history/,voice_commands_voicecommand_history,{},,
admin/voice_commands/voicecommand/<path:object_id>/delete/,voice_commands_voicecommand_delete,{},,
admin/voice_commands/voicecommand/<path:object_id>/change/,voice_commands_voicecommand_change,{},,
admin/voice_commands/voicecommand/<path:object_id>/,,{},,
admin/clients/partner/,clients_partner_changelist,{},,
admin/clients/partner/add/,clients_partner_add,{},,
admin/clients/partner/<path:object_id>/history/,clients_partner_history,{},,
admin/clients/partner/<path:object_id>/delete/,clients_partner_delete,{},,
admin/clients/partner/<path:object_id>/change/,clients_partner_change,{},,
admin/clients/partner/<path:object_id>/,,{},,
admin/clients/customer/,clients_customer_changelist,{},,
admin/clients/customer/add/,clients_customer_add,{},,
admin/clients/customer/<path:object_id>/history/,clients_customer_history,{},,
admin/clients/customer/<path:object_id>/delete/,clients_customer_delete,{},,
admin/clients/customer/<path:object_id>/change/,clients_customer_change,{},,
admin/clients/customer/<path:object_id>/,,{},,
admin/clients/client/,clients_client_changelist,{},,
admin/clients/client/add/,clients_client_add,{},,
admin/clients/client/<path:object_id>/history/,clients_client_history,{},,
admin/clients/client/<path:object_id>/delete/,clients_client_delete,{},,
admin/clients/client/<path:object_id>/change/,clients_client_change,{},,
admin/clients/client/<path:object_id>/,,{},,
admin/sales/saleinvoice/,sales_saleinvoice_changelist,{},,
admin/sales/saleinvoice/add/,sales_saleinvoice_add,{},,
admin/sales/saleinvoice/<path:object_id>/history/,sales_saleinvoice_history,{},,
admin/sales/saleinvoice/<path:object_id>/delete/,sales_saleinvoice_delete,{},,
admin/sales/saleinvoice/<path:object_id>/change/,sales_saleinvoice_change,{},,
admin/sales/saleinvoice/<path:object_id>/,,{},,
admin/sales/saleitem/,sales_saleitem_changelist,{},,
admin/sales/saleitem/add/,sales_saleitem_add,{},,
admin/sales/saleitem/<path:object_id>/history/,sales_saleitem_history,{},,
admin/sales/saleitem/<path:object_id>/delete/,sales_saleitem_delete,{},,
admin/sales/saleitem/<path:object_id>/change/,sales_saleitem_change,{},,
admin/sales/saleitem/<path:object_id>/,,{},,
admin/sales/salesperformance/,sales_salesperformance_changelist,{},,
admin/sales/salesperformance/add/,sales_salesperformance_add,{},,
admin/sales/salesperformance/<path:object_id>/history/,sales_salesperformance_history,{},,
admin/sales/salesperformance/<path:object_id>/delete/,sales_salesperformance_delete,{},,
admin/sales/salesperformance/<path:object_id>/change/,sales_salesperformance_change,{},,
admin/sales/salesperformance/<path:object_id>/,,{},,
admin/sales/productsalesanalysis/,sales_productsalesanalysis_changelist,{},,
admin/sales/productsalesanalysis/add/,sales_productsalesanalysis_add,{},,
admin/sales/productsalesanalysis/<path:object_id>/history/,sales_productsalesanalysis_history,{},,
admin/sales/productsalesanalysis/<path:object_id>/delete/,sales_productsalesanalysis_delete,{},,
admin/sales/productsalesanalysis/<path:object_id>/change/,sales_productsalesanalysis_change,{},,
admin/sales/productsalesanalysis/<path:object_id>/,,{},,
admin/sales/clientactivity/,sales_clientactivity_changelist,{},,
admin/sales/clientactivity/add/,sales_clientactivity_add,{},,
admin/sales/clientactivity/<path:object_id>/history/,sales_clientactivity_history,{},,
admin/sales/clientactivity/<path:object_id>/delete/,sales_clientactivity_delete,{},,
admin/sales/clientactivity/<path:object_id>/change/,sales_clientactivity_change,{},,
admin/sales/clientactivity/<path:object_id>/,,{},,
admin/sales/smartsalessuggestion/,sales_smartsalessuggestion_changelist,{},,
admin/sales/smartsalessuggestion/add/,sales_smartsalessuggestion_add,{},,
admin/sales/smartsalessuggestion/<path:object_id>/history/,sales_smartsalessuggestion_history,{},,
admin/sales/smartsalessuggestion/<path:object_id>/delete/,sales_smartsalessuggestion_delete,{},,
admin/sales/smartsalessuggestion/<path:object_id>/change/,sales_smartsalessuggestion_change,{},,
admin/sales/smartsalessuggestion/<path:object_id>/,,{},,
admin/purchases/purchaserequest/,purchases_purchaserequest_changelist,{},,
admin/purchases/purchaserequest/add/,purchases_purchaserequest_add,{},,
admin/purchases/purchaserequest/<path:object_id>/history/,purchases_purchaserequest_history,{},,
admin/purchases/purchaserequest/<path:object_id>/delete/,purchases_purchaserequest_delete,{},,
admin/purchases/purchaserequest/<path:object_id>/change/,purchases_purchaserequest_change,{},,
admin/purchases/purchaserequest/<path:object_id>/,,{},,
admin/purchases/purchaseorder/,purchases_purchaseorder_changelist,{},,
admin/purchases/purchaseorder/add/,purchases_purchaseorder_add,{},,
admin/purchases/purchaseorder/<path:object_id>/history/,purchases_purchaseorder_history,{},,
admin/purchases/purchaseorder/<path:object_id>/delete/,purchases_purchaseorder_delete,{},,
admin/purchases/purchaseorder/<path:object_id>/change/,purchases_purchaseorder_change,{},,
admin/purchases/purchaseorder/<path:object_id>/,,{},,
admin/purchases/purchaseinvoice/,purchases_purchaseinvoice_changelist,{},,
admin/purchases/purchaseinvoice/add/,purchases_purchaseinvoice_add,{},,
admin/purchases/purchaseinvoice/<path:object_id>/history/,purchases_purchaseinvoice_history,{},,
admin/purchases/purchaseinvoice/<path:object_id>/delete/,purchases_purchaseinvoice_delete,{},,
admin/purchases/purchaseinvoice/<path:object_id>/change/,purchases_purchaseinvoice_change,{},,
admin/purchases/purchaseinvoice/<path:object_id>/,,{},,
admin/accounting/account/,accounting_account_changelist,{},,
admin/accounting/account/add/,accounting_account_add,{},,
admin/accounting/account/<path:object_id>/history/,accounting_account_history,{},,
admin/accounting/account/<path:object_id>/delete/,accounting_account_delete,{},,
admin/accounting/account/<path:object_id>/change/,accounting_account_change,{},,
admin/accounting/account/<path:object_id>/,,{},,
admin/accounting/supplier/,accounting_supplier_changelist,{},,
admin/accounting/supplier/add/,accounting_supplier_add,{},,
admin/accounting/supplier/<path:object_id>/history/,accounting_supplier_history,{},,
admin/accounting/supplier/<path:object_id>/delete/,accounting_supplier_delete,{},,
admin/accounting/supplier/<path:object_id>/change/,accounting_supplier_change,{},,
admin/accounting/supplier/<path:object_id>/,,{},,
admin/accounting/customer/,accounting_customer_changelist,{},,
admin/accounting/customer/add/,accounting_customer_add,{},,
admin/accounting/customer/<path:object_id>/history/,accounting_customer_history,{},,
admin/accounting/customer/<path:object_id>/delete/,accounting_customer_delete,{},,
admin/accounting/customer/<path:object_id>/change/,accounting_customer_change,{},,
admin/accounting/customer/<path:object_id>/,,{},,
admin/accounting/expense/,accounting_expense_changelist,{},,
admin/accounting/expense/add/,accounting_expense_add,{},,
admin/accounting/expense/<path:object_id>/history/,accounting_expense_history,{},,
admin/accounting/expense/<path:object_id>/delete/,accounting_expense_delete,{},,
admin/accounting/expense/<path:object_id>/change/,accounting_expense_change,{},,
admin/accounting/expense/<path:object_id>/,,{},,
admin/accounting/cashtransaction/,accounting_cashtransaction_changelist,{},,
admin/accounting/cashtransaction/add/,accounting_cashtransaction_add,{},,
admin/accounting/cashtransaction/<path:object_id>/history/,accounting_cashtransaction_history,{},,
admin/accounting/cashtransaction/<path:object_id>/delete/,accounting_cashtransaction_delete,{},,
admin/accounting/cashtransaction/<path:object_id>/change/,accounting_cashtransaction_change,{},,
admin/accounting/cashtransaction/<path:object_id>/,,{},,
admin/accounting/invoice/,accounting_invoice_changelist,{},,
admin/accounting/invoice/add/,accounting_invoice_add,{},,
admin/accounting/invoice/<path:object_id>/history/,accounting_invoice_history,{},,
admin/accounting/invoice/<path:object_id>/delete/,accounting_invoice_delete,{},,
admin/accounting/invoice/<path:object_id>/change/,accounting_invoice_change,{},,
admin/accounting/invoice/<path:object_id>/,,{},,
admin/accounting/payment/,accounting_payment_changelist,{},,
admin/accounting/payment/add/,accounting_payment_add,{},,
admin/accounting/payment/<path:object_id>/history/,accounting_payment_history,{},,
admin/accounting/payment/<path:object_id>/delete/,accounting_payment_delete,{},,
admin/accounting/payment/<path:object_id>/change/,accounting_payment_change,{},,
admin/accounting/payment/<path:object_id>/,,{},,
admin/accounting/journalentry/,accounting_journalentry_changelist,{},,
admin/accounting/journalentry/add/,accounting_journalentry_add,{},,
admin/accounting/journalentry/<path:object_id>/history/,accounting_journalentry_history,{},,
admin/accounting/journalentry/<path:object_id>/delete/,accounting_journalentry_delete,{},,
admin/accounting/journalentry/<path:object_id>/change/,accounting_journalentry_change,{},,
admin/accounting/journalentry/<path:object_id>/,,{},,
admin/accounting/journalitem/,accounting_journalitem_changelist,{},,
admin/accounting/journalitem/add/,accounting_journalitem_add,{},,
admin/accounting/journalitem/<path:object_id>/history/,accounting_journalitem_history,{},,
admin/accounting/journalitem/<path:object_id>/delete/,accounting_journalitem_delete,{},,
admin/accounting/journalitem/<path:object_id>/change/,accounting_journalitem_change,{},,
admin/accounting/journalitem/<path:object_id>/,,{},,
admin/accounting/accountingsuggestionlog/,accounting_accountingsuggestionlog_changelist,{},,
admin/accounting/accountingsuggestionlog/add/,accounting_accountingsuggestionlog_add,{},,
admin/accounting/accountingsuggestionlog/<path:object_id>/history/,accounting_accountingsuggestionlog_history,{},,
admin/accounting/accountingsuggestionlog/<path:object_id>/delete/,accounting_accountingsuggestionlog_delete,{},,
admin/accounting/accountingsuggestionlog/<path:object_id>/change/,accounting_accountingsuggestionlog_change,{},,
admin/accounting/accountingsuggestionlog/<path:object_id>/,,{},,
admin/accounting/asset/,accounting_asset_changelist,{},,
admin/accounting/asset/add/,accounting_asset_add,{},,
admin/accounting/asset/<path:object_id>/history/,accounting_asset_history,{},,
admin/accounting/asset/<path:object_id>/delete/,accounting_asset_delete,{},,
admin/accounting/asset/<path:object_id>/change/,accounting_asset_change,{},,
admin/accounting/asset/<path:object_id>/,,{},,
admin/accounting/paymentmethod/,accounting_paymentmethod_changelist,{},,
admin/accounting/paymentmethod/add/,accounting_paymentmethod_add,{},,
admin/accounting/paymentmethod/<path:object_id>/history/,accounting_paymentmethod_history,{},,
admin/accounting/paymentmethod/<path:object_id>/delete/,accounting_paymentmethod_delete,{},,
admin/accounting/paymentmethod/<path:object_id>/change/,accounting_paymentmethod_change,{},,
admin/accounting/paymentmethod/<path:object_id>/,,{},,
admin/accounting/paymentorder/,accounting_paymentorder_changelist,{},,
admin/accounting/paymentorder/add/,accounting_paymentorder_add,{},,
admin/accounting/paymentorder/<path:object_id>/history/,accounting_paymentorder_history,{},,
admin/accounting/paymentorder/<path:object_id>/delete/,accounting_paymentorder_delete,{},,
admin/accounting/paymentorder/<path:object_id>/change/,accounting_paymentorder_change,{},,
admin/accounting/paymentorder/<path:object_id>/,,{},,
admin/accounting/billofmaterial/,accounting_billofmaterial_changelist,{},,
admin/accounting/billofmaterial/add/,accounting_billofmaterial_add,{},,
admin/accounting/billofmaterial/<path:object_id>/history/,accounting_billofmaterial_history,{},,
admin/accounting/billofmaterial/<path:object_id>/delete/,accounting_billofmaterial_delete,{},,
admin/accounting/billofmaterial/<path:object_id>/change/,accounting_billofmaterial_change,{},,
admin/accounting/billofmaterial/<path:object_id>/,,{},,
admin/accounting/manufacturingorder/,accounting_manufacturingorder_changelist,{},,
admin/accounting/manufacturingorder/add/,accounting_manufacturingorder_add,{},,
admin/accounting/manufacturingorder/<path:object_id>/history/,accounting_manufacturingorder_history,{},,
admin/accounting/manufacturingorder/<path:object_id>/delete/,accounting_manufacturingorder_delete,{},,
admin/accounting/manufacturingorder/<path:object_id>/change/,accounting_manufacturingorder_change,{},,
admin/accounting/manufacturingorder/<path:object_id>/,,{},,
admin/accounting/supplierinvoice/,accounting_supplierinvoice_changelist,{},,
admin/accounting/supplierinvoice/add/,accounting_supplierinvoice_add,{},,
admin/accounting/supplierinvoice/<path:object_id>/history/,accounting_supplierinvoice_history,{},,
admin/accounting/supplierinvoice/<path:object_id>/delete/,accounting_supplierinvoice_delete,{},,
admin/accounting/supplierinvoice/<path:object_id>/change/,accounting_supplierinvoice_change,{},,
admin/accounting/supplierinvoice/<path:object_id>/,,{},,
admin/accounting/salesinvoice/,accounting_salesinvoice_changelist,{},,
admin/accounting/salesinvoice/add/,accounting_salesinvoice_add,{},,
admin/accounting/salesinvoice/<path:object_id>/history/,accounting_salesinvoice_history,{},,
admin/accounting/salesinvoice/<path:object_id>/delete/,accounting_salesinvoice_delete,{},,
admin/accounting/salesinvoice/<path:object_id>/change/,accounting_salesinvoice_change,{},,
admin/accounting/salesinvoice/<path:object_id>/,,{},,
admin/accounting/purchaseinvoice/,accounting_purchaseinvoice_changelist,{},,
admin/accounting/purchaseinvoice/add/,accounting_purchaseinvoice_add,{},,
admin/accounting/purchaseinvoice/<path:object_id>/history/,accounting_purchaseinvoice_history,{},,
admin/accounting/purchaseinvoice/<path:object_id>/delete/,accounting_purchaseinvoice_delete,{},,
admin/accounting/purchaseinvoice/<path:object_id>/change/,accounting_purchaseinvoice_change,{},,
admin/accounting/purchaseinvoice/<path:object_id>/,,{},,
admin/ai_decision/decisionanalysis/,ai_decision_decisionanalysis_changelist,{},,
admin/ai_decision/decisionanalysis/add/,ai_decision_decisionanalysis_add,{},,
admin/ai_decision/decisionanalysis/<path:object_id>/history/,ai_decision_decisionanalysis_history,{},,
admin/ai_decision/decisionanalysis/<path:object_id>/delete/,ai_decision_decisionanalysis_delete,{},,
admin/ai_decision/decisionanalysis/<path:object_id>/change/,ai_decision_decisionanalysis_change,{},,
admin/ai_decision/decisionanalysis/<path:object_id>/,,{},,
admin/campaigns/campaign/,campaigns_campaign_changelist,{},,
admin/campaigns/campaign/add/,campaigns_campaign_add,{},,
admin/campaigns/campaign/<path:object_id>/history/,campaigns_campaign_history,{},,
admin/campaigns/campaign/<path:object_id>/delete/,campaigns_campaign_delete,{},,
admin/campaigns/campaign/<path:object_id>/change/,campaigns_campaign_change,{},,
admin/campaigns/campaign/<path:object_id>/,,{},,
admin/campaigns/campaigntarget/,campaigns_campaigntarget_changelist,{},,
admin/campaigns/campaigntarget/add/,campaigns_campaigntarget_add,{},,
admin/campaigns/campaigntarget/<path:object_id>/history/,campaigns_campaigntarget_history,{},,
admin/campaigns/campaigntarget/<path:object_id>/delete/,campaigns_campaigntarget_delete,{},,
admin/campaigns/campaigntarget/<path:object_id>/change/,campaigns_campaigntarget_change,{},,
admin/campaigns/campaigntarget/<path:object_id>/,,{},,
admin/client_portal/clientaccess/,client_portal_clientaccess_changelist,{},,
admin/client_portal/clientaccess/add/,client_portal_clientaccess_add,{},,
admin/client_portal/clientaccess/<path:object_id>/history/,client_portal_clientaccess_history,{},,
admin/client_portal/clientaccess/<path:object_id>/delete/,client_portal_clientaccess_delete,{},,
admin/client_portal/clientaccess/<path:object_id>/change/,client_portal_clientaccess_change,{},,
admin/client_portal/clientaccess/<path:object_id>/,,{},,
admin/client_portal/supportticket/,client_portal_supportticket_changelist,{},,
admin/client_portal/supportticket/add/,client_portal_supportticket_add,{},,
admin/client_portal/supportticket/<path:object_id>/history/,client_portal_supportticket_history,{},,
admin/client_portal/supportticket/<path:object_id>/delete/,client_portal_supportticket_delete,{},,
admin/client_portal/supportticket/<path:object_id>/change/,client_portal_supportticket_change,{},,
admin/client_portal/supportticket/<path:object_id>/,,{},,
admin/client_portal/supportresponse/,client_portal_supportresponse_changelist,{},,
admin/client_portal/supportresponse/add/,client_portal_supportresponse_add,{},,
admin/client_portal/supportresponse/<path:object_id>/history/,client_portal_supportresponse_history,{},,
admin/client_portal/supportresponse/<path:object_id>/delete/,client_portal_supportresponse_delete,{},,
admin/client_portal/supportresponse/<path:object_id>/change/,client_portal_supportresponse_change,{},,
admin/client_portal/supportresponse/<path:object_id>/,,{},,
admin/contracts/contract/,contracts_contract_changelist,{},,
admin/contracts/contract/add/,contracts_contract_add,{},,
admin/contracts/contract/<path:object_id>/history/,contracts_contract_history,{},,
admin/contracts/contract/<path:object_id>/delete/,contracts_contract_delete,{},,
admin/contracts/contract/<path:object_id>/change/,contracts_contract_change,{},,
admin/contracts/contract/<path:object_id>/,,{},,
admin/crm/lead/,crm_lead_changelist,{},,
admin/crm/lead/add/,crm_lead_add,{},,
admin/crm/lead/<path:object_id>/history/,crm_lead_history,{},,
admin/crm/lead/<path:object_id>/delete/,crm_lead_delete,{},,
admin/crm/lead/<path:object_id>/change/,crm_lead_change,{},,
admin/crm/lead/<path:object_id>/,,{},,
admin/crm/interaction/,crm_interaction_changelist,{},,
admin/crm/interaction/add/,crm_interaction_add,{},,
admin/crm/interaction/<path:object_id>/history/,crm_interaction_history,{},,
admin/crm/interaction/<path:object_id>/delete/,crm_interaction_delete,{},,
admin/crm/interaction/<path:object_id>/change/,crm_interaction_change,{},,
admin/crm/interaction/<path:object_id>/,,{},,
admin/crm/opportunity/,crm_opportunity_changelist,{},,
admin/crm/opportunity/add/,crm_opportunity_add,{},,
admin/crm/opportunity/<path:object_id>/history/,crm_opportunity_history,{},,
admin/crm/opportunity/<path:object_id>/delete/,crm_opportunity_delete,{},,
admin/crm/opportunity/<path:object_id>/change/,crm_opportunity_change,{},,
admin/crm/opportunity/<path:object_id>/,,{},,
admin/legal/legalcase/,legal_legalcase_changelist,{},,
admin/legal/legalcase/add/,legal_legalcase_add,{},,
admin/legal/legalcase/<path:object_id>/history/,legal_legalcase_history,{},,
admin/legal/legalcase/<path:object_id>/delete/,legal_legalcase_delete,{},,
admin/legal/legalcase/<path:object_id>/change/,legal_legalcase_change,{},,
admin/legal/legalcase/<path:object_id>/,,{},,
admin/notifications/notification/,notifications_notification_changelist,{},,
admin/notifications/notification/add/,notifications_notification_add,{},,
admin/notifications/notification/<path:object_id>/history/,notifications_notification_history,{},,
admin/notifications/notification/<path:object_id>/delete/,notifications_notification_delete,{},,
admin/notifications/notification/<path:object_id>/change/,notifications_notification_change,{},,
admin/notifications/notification/<path:object_id>/,,{},,
admin/offline_sync/offlinesynclog/,offline_sync_offlinesynclog_changelist,{},,
admin/offline_sync/offlinesynclog/add/,offline_sync_offlinesynclog_add,{},,
admin/offline_sync/offlinesynclog/<path:object_id>/history/,offline_sync_offlinesynclog_history,{},,
admin/offline_sync/offlinesynclog/<path:object_id>/delete/,offline_sync_offlinesynclog_delete,{},,
admin/offline_sync/offlinesynclog/<path:object_id>/change/,offline_sync_offlinesynclog_change,{},,
admin/offline_sync/offlinesynclog/<path:object_id>/,,{},,
admin/pos/possession/,pos_possession_changelist,{},,
admin/pos/possession/add/,pos_possession_add,{},,
admin/pos/possession/<path:object_id>/history/,pos_possession_history,{},,
admin/pos/possession/<path:object_id>/delete/,pos_possession_delete,{},,
admin/pos/possession/<path:object_id>/change/,pos_possession_change,{},,
admin/pos/possession/<path:object_id>/,,{},,
admin/pos/posorder/,pos_posorder_changelist,{},,
admin/pos/posorder/add/,pos_posorder_add,{},,
admin/pos/posorder/<path:object_id>/history/,pos_posorder_history,{},,
admin/pos/posorder/<path:object_id>/delete/,pos_posorder_delete,{},,
admin/pos/posorder/<path:object_id>/change/,pos_posorder_change,{},,
admin/pos/posorder/<path:object_id>/,,{},,
admin/pos/posorderitem/,pos_posorderitem_changelist,{},,
admin/pos/posorderitem/add/,pos_posorderitem_add,{},,
admin/pos/posorderitem/<path:object_id>/history/,pos_posorderitem_history,{},,
admin/pos/posorderitem/<path:object_id>/delete/,pos_posorderitem_delete,{},,
admin/pos/posorderitem/<path:object_id>/change/,pos_posorderitem_change,{},,
admin/pos/posorderitem/<path:object_id>/,,{},,
admin/projects/project/,projects_project_changelist,{},,
admin/projects/project/add/,projects_project_add,{},,
admin/projects/project/<path:object_id>/history/,projects_project_history,{},,
admin/projects/project/<path:object_id>/delete/,projects_project_delete,{},,
admin/projects/project/<path:object_id>/change/,projects_project_change,{},,
admin/projects/project/<path:object_id>/,,{},,
admin/projects/task/,projects_task_changelist,{},,
admin/projects/task/add/,projects_task_add,{},,
admin/projects/task/<path:object_id>/history/,projects_task_history,{},,
admin/projects/task/<path:object_id>/delete/,projects_task_delete,{},,
admin/projects/task/<path:object_id>/change/,projects_task_change,{},,
admin/projects/task/<path:object_id>/,,{},,
admin/risk_management/risk/,risk_management_risk_changelist,{},,
admin/risk_management/risk/add/,risk_management_risk_add,{},,
admin/risk_management/risk/<path:object_id>/history/,risk_management_risk_history,{},,
admin/risk_management/risk/<path:object_id>/delete/,risk_management_risk_delete,{},,
admin/risk_management/risk/<path:object_id>/change/,risk_management_risk_change,{},,
admin/risk_management/risk/<path:object_id>/,,{},,
admin/shipping/shipment/,shipping_shipment_changelist,{},,
admin/shipping/shipment/add/,shipping_shipment_add,{},,
admin/shipping/shipment/<path:object_id>/history/,shipping_shipment_history,{},,
admin/shipping/shipment/<path:object_id>/delete/,shipping_shipment_delete,{},,
admin/shipping/shipment/<path:object_id>/change/,shipping_shipment_change,{},,
admin/shipping/shipment/<path:object_id>/,,{},,
admin/shipping/shippingcompany/,shipping_shippingcompany_changelist,{},,
admin/shipping/shippingcompany/add/,shipping_shippingcompany_add,{},,
admin/shipping/shippingcompany/<path:object_id>/history/,shipping_shippingcompany_history,{},,
admin/shipping/shippingcompany/<path:object_id>/delete/,shipping_shippingcompany_delete,{},,
admin/shipping/shippingcompany/<path:object_id>/change/,shipping_shippingcompany_change,{},,
admin/shipping/shippingcompany/<path:object_id>/,,{},,
admin/support/supportticket/,support_supportticket_changelist,{},,
admin/support/supportticket/add/,support_supportticket_add,{},,
admin/support/supportticket/<path:object_id>/history/,support_supportticket_history,{},,
admin/support/supportticket/<path:object_id>/delete/,support_supportticket_delete,{},,
admin/support/supportticket/<path:object_id>/change/,support_supportticket_change,{},,
admin/support/supportticket/<path:object_id>/,,{},,
admin/support/supportresponse/,support_supportresponse_changelist,{},,
admin/support/supportresponse/add/,support_supportresponse_add,{},,
admin/support/supportresponse/<path:object_id>/history/,support_supportresponse_history,{},,
admin/support/supportresponse/<path:object_id>/delete/,support_supportresponse_delete,{},,
admin/support/supportresponse/<path:object_id>/change/,support_supportresponse_change,{},,
admin/support/supportresponse/<path:object_id>/,,{},,
admin/communication/chatthread/,communication_chatthread_changelist,{},,
admin/communication/chatthread/add/,communication_chatthread_add,{},,
admin/communication/chatthread/<path:object_id>/history/,communication_chatthread_history,{},,
admin/communication/chatthread/<path:object_id>/delete/,communication_chatthread_delete,{},,
admin/communication/chatthread/<path:object_id>/change/,communication_chatthread_change,{},,
admin/communication/chatthread/<path:object_id>/,,{},,
admin/communication/message/,communication_message_changelist,{},,
admin/communication/message/add/,communication_message_add,{},,
admin/communication/message/<path:object_id>/history/,communication_message_history,{},,
admin/communication/message/<path:object_id>/delete/,communication_message_delete,{},,
admin/communication/message/<path:object_id>/change/,communication_message_change,{},,
admin/communication/message/<path:object_id>/,,{},,
admin/demand_forecasting/forecast/,demand_forecasting_forecast_changelist,{},,
admin/demand_forecasting/forecast/add/,demand_forecasting_forecast_add,{},,
admin/demand_forecasting/forecast/<path:object_id>/history/,demand_forecasting_forecast_history,{},,
admin/demand_forecasting/forecast/<path:object_id>/delete/,demand_forecasting_forecast_delete,{},,
admin/demand_forecasting/forecast/<path:object_id>/change/,demand_forecasting_forecast_change,{},,
admin/demand_forecasting/forecast/<path:object_id>/,,{},,
admin/document_center/document/,document_center_document_changelist,{},,
admin/document_center/document/add/,document_center_document_add,{},,
admin/document_center/document/<path:object_id>/history/,document_center_document_history,{},,
admin/document_center/document/<path:object_id>/delete/,document_center_document_delete,{},,
admin/document_center/document/<path:object_id>/change/,document_center_document_change,{},,
admin/document_center/document/<path:object_id>/,,{},,
admin/expenses/expense/,expenses_expense_changelist,{},,
admin/expenses/expense/add/,expenses_expense_add,{},,
admin/expenses/expense/<path:object_id>/history/,expenses_expense_history,{},,
admin/expenses/expense/<path:object_id>/delete/,expenses_expense_delete,{},,
admin/expenses/expense/<path:object_id>/change/,expenses_expense_change,{},,
admin/expenses/expense/<path:object_id>/,,{},,
admin/internal_bot/botmessage/,internal_bot_botmessage_changelist,{},,
admin/internal_bot/botmessage/add/,internal_bot_botmessage_add,{},,
admin/internal_bot/botmessage/<path:object_id>/history/,internal_bot_botmessage_history,{},,
admin/internal_bot/botmessage/<path:object_id>/delete/,internal_bot_botmessage_delete,{},,
admin/internal_bot/botmessage/<path:object_id>/change/,internal_bot_botmessage_change,{},,
admin/internal_bot/botmessage/<path:object_id>/,,{},,
admin/knowledge_center/category/,knowledge_center_category_changelist,{},,
admin/knowledge_center/category/add/,knowledge_center_category_add,{},,
admin/knowledge_center/category/<path:object_id>/history/,knowledge_center_category_history,{},,
admin/knowledge_center/category/<path:object_id>/delete/,knowledge_center_category_delete,{},,
admin/knowledge_center/category/<path:object_id>/change/,knowledge_center_category_change,{},,
admin/knowledge_center/category/<path:object_id>/,,{},,
admin/knowledge_center/article/,knowledge_center_article_changelist,{},,
admin/knowledge_center/article/add/,knowledge_center_article_add,{},,
admin/knowledge_center/article/<path:object_id>/history/,knowledge_center_article_history,{},,
admin/knowledge_center/article/<path:object_id>/delete/,knowledge_center_article_delete,{},,
admin/knowledge_center/article/<path:object_id>/change/,knowledge_center_article_change,{},,
admin/knowledge_center/article/<path:object_id>/,,{},,
admin/mrp/materialplanning/,mrp_materialplanning_changelist,{},,
admin/mrp/materialplanning/add/,mrp_materialplanning_add,{},,
admin/mrp/materialplanning/<path:object_id>/history/,mrp_materialplanning_history,{},,
admin/mrp/materialplanning/<path:object_id>/delete/,mrp_materialplanning_delete,{},,
admin/mrp/materialplanning/<path:object_id>/change/,mrp_materialplanning_change,{},,
admin/mrp/materialplanning/<path:object_id>/,,{},,
admin/recruitment/jobposition/,recruitment_jobposition_changelist,{},,
admin/recruitment/jobposition/add/,recruitment_jobposition_add,{},,
admin/recruitment/jobposition/<path:object_id>/history/,recruitment_jobposition_history,{},,
admin/recruitment/jobposition/<path:object_id>/delete/,recruitment_jobposition_delete,{},,
admin/recruitment/jobposition/<path:object_id>/change/,recruitment_jobposition_change,{},,
admin/recruitment/jobposition/<path:object_id>/,,{},,
admin/recruitment/application/,recruitment_application_changelist,{},,
admin/recruitment/application/add/,recruitment_application_add,{},,
admin/recruitment/application/<path:object_id>/history/,recruitment_application_history,{},,
admin/recruitment/application/<path:object_id>/delete/,recruitment_application_delete,{},,
admin/recruitment/application/<path:object_id>/change/,recruitment_application_change,{},,
admin/recruitment/application/<path:object_id>/,,{},,
admin/warehouse_map/zone/,warehouse_map_zone_changelist,{},,
admin/warehouse_map/zone/add/,warehouse_map_zone_add,{},,
admin/warehouse_map/zone/<path:object_id>/history/,warehouse_map_zone_history,{},,
admin/warehouse_map/zone/<path:object_id>/delete/,warehouse_map_zone_delete,{},,
admin/warehouse_map/zone/<path:object_id>/change/,warehouse_map_zone_change,{},,
admin/warehouse_map/zone/<path:object_id>/,,{},,
admin/warehouse_map/location/,warehouse_map_location_changelist,{},,
admin/warehouse_map/location/add/,warehouse_map_location_add,{},,
admin/warehouse_map/location/<path:object_id>/history/,warehouse_map_location_history,{},,
admin/warehouse_map/location/<path:object_id>/delete/,warehouse_map_location_delete,{},,
admin/warehouse_map/location/<path:object_id>/change/,warehouse_map_location_change,{},,
admin/warehouse_map/location/<path:object_id>/,,{},,
admin/work_regulations/regulation/,work_regulations_regulation_changelist,{},,
admin/work_regulations/regulation/add/,work_regulations_regulation_add,{},,
admin/work_regulations/regulation/<path:object_id>/history/,work_regulations_regulation_history,{},,
admin/work_regulations/regulation/<path:object_id>/delete/,work_regulations_regulation_delete,{},,
admin/work_regulations/regulation/<path:object_id>/change/,work_regulations_regulation_change,{},,
admin/work_regulations/regulation/<path:object_id>/,,{},,
admin/work_regulations/employeeagreement/,work_regulations_employeeagreement_changelist,{},,
admin/work_regulations/employeeagreement/add/,work_regulations_employeeagreement_add,{},,
admin/work_regulations/employeeagreement/<path:object_id>/history/,work_regulations_employeeagreement_history,{},,
admin/work_regulations/employeeagreement/<path:object_id>/delete/,work_regulations_employeeagreement_delete,{},,
admin/work_regulations/employeeagreement/<path:object_id>/change/,work_regulations_employeeagreement_change,{},,
admin/work_regulations/employeeagreement/<path:object_id>/,,{},,
admin/workflow/workflowrule/,workflow_workflowrule_changelist,{},,
admin/workflow/workflowrule/add/,workflow_workflowrule_add,{},,
admin/workflow/workflowrule/<path:object_id>/history/,workflow_workflowrule_history,{},,
admin/workflow/workflowrule/<path:object_id>/delete/,workflow_workflowrule_delete,{},,
admin/workflow/workflowrule/<path:object_id>/change/,workflow_workflowrule_change,{},,
admin/workflow/workflowrule/<path:object_id>/,,{},,
admin/^(?P<app_label>auth|django_celery_results|django_celery_beat|core|employees|attendance|evaluation|payroll|departments|discipline|employee_monitoring|production|products|inventory|survey|tracking|media|maintenance|monitoring|internal_monitoring|pattern|voice_commands|clients|sales|purchases|accounting|ai_decision|campaigns|client_portal|contracts|crm|legal|notifications|offline_sync|pos|projects|risk_management|shipping|support|communication|demand_forecasting|document_center|expenses|internal_bot|knowledge_center|mrp|recruitment|warehouse_map|work_regulations|workflow)/$,app_list,{},,
admin/(?P<url>.*)$,,{},,
manifest.json,manifest_json,{},,
sw.js,service_worker,{},,
favicon.ico,favicon,{},,
employees/,employee_list,{},,
employees/add/,employee_add,{},,
employees/<int:pk>/edit/,employee_edit,{},,
employees/profile/<int:pk>/,employee_profile,{},,
attendance/list/,attendance_list,{},,
attendance/print/,attendance_print,{},,
attendance/create/,attendance_create,{},,
attendance/report/,attendance_report,{},,
attendance/report/pdf/,attendance_report_pdf,{},,
attendance/report/excel/,attendance_report_excel,{},,
evaluation/,list,{},,
evaluation/add/,add,{},,
departments/list/,department_list,{},,
departments/create/,department_create,{},,
departments/edit/<int:pk>/,department_edit,{},,
departments/delete/<int:pk>/,department_delete,{},,
payroll/advances/,advance_list,{},,
payroll/advances/add/,add_advance,{},,
payroll/calculate-daily-pay/<int:employee_id>/,calculate_daily_pay,{},,
payroll/salaries/,salary_list,{},,
payroll/report/salaries/,salary_report,{},,
payroll/policy-settings/,manage_policy_settings,{},,
discipline/discipline/list/,discipline_list,{},,
discipline/discipline/report/,discipline_report,{},,
discipline/discipline/manager-report/,manager_discipline_report,{},,
discipline/employee/<int:employee_id>/profile/,employee_profile,{},,
employee-monitoring/input/,monitoring_input,{},,
employee-monitoring/dashboard/,monitoring_dashboard,{},,
production/,dashboard,{},,
production/log/,log_production,{},,
production/orders/,order_list,{},,
production/orders/add/,order_add,{},,
production/consumptions/,consumption_list,{},,
production/consumptions/add/,consumption_add,{},,
pattern/dashboard/,dashboard,{},,
pattern/designs/,design_list,{},,
pattern/designs/create/,design_create,{},,
pattern/designs/<int:design_id>/pieces/,piece_list,{},,
pattern/designs/<int:design_id>/pieces/create/,piece_create,{},,
pattern/executions/,execution_list,{},,
pattern/executions/create/,execution_create,{},,
products/,product_list,{},,
products/create/,product_create,{},,
products/<int:pk>/edit/,product_edit,{},,
products/<int:pk>/delete/,product_delete,{},,
inventory/,inventory_list,{},,
inventory/add/,add_inventory_item,{},,
inventory/edit/<int:pk>/,edit_inventory_item,{},,
inventory/delete/<int:pk>/,delete_inventory_item,{},,
inventory/transactions/,inventory_transactions,{},,
inventory/transactions/add/,add_inventory_transaction,{},,
inventory/audit/create/,create_inventory_audit,{},,
inventory/audit/<int:audit_id>/edit/,inventory_audit_edit,{},,
inventory/audit/<int:audit_id>/view/,inventory_audit_detail,{},,
inventory/locations/,inventory_locations,{},,
inventory/locations/add/,add_inventory_location,{},,
inventory/locations/edit/<int:pk>/,edit_inventory_location,{},,
inventory/locations/delete/<int:pk>/,delete_inventory_location,{},,
accounting/,list,{},,
accounting/index/,index,{},,
accounting/sales/create/,create_sales_invoice,{},,
accounting/sales/<int:pk>/,sales_invoice_detail,{},,
accounting/sales/,sales_invoice_dashboard,{},,
accounting/sales/export/excel/,sales_invoice_excel,{},,
accounting/purchase/create/,create_purchase_invoice,{},,
accounting/purchase/<int:pk>/,purchase_invoice_detail,{},,
accounting/invoice/<str:invoice_type>/<int:pk>/print/,print_invoice_pdf,{},,
accounting/journal/,journal_dashboard,{},,
accounting/journal/create/,journal_create,{},,
accounting/journal/ai/create/,journal_entry_create,{},,
accounting/journal/<int:pk>/,journal_detail,{},,
accounting/suppliers/,supplier_list,{},,
accounting/suppliers/create/,supplier_create,{},,
accounting/customers/,customer_list,{},,
accounting/customers/create/,customer_create,{},,
accounting/products/,product_list,{},,
accounting/products/create/,product_create,{},,
accounting/export/excel/,export_accounting_excel,{},,
accounting/export/pdf/,export_accounting_pdf,{},,
accounting/export/csv/,export_accounting_csv,{},,
accounting/reports/,reports_overview,{},,
accounting/reports/payments-method/,payments_by_method_report,{},,
accounting/analysis/financial/,financial_analysis,{},,
accounting/ai-guided-entry/,ai_guided_entry,{},,
accounting/suggestions/,accounting_suggestions,{},,
accounting/api/^supplier-invoices/$,supplier-invoice-list,{},,
accounting/api/^supplier-invoices\.(?P<format>[a-z0-9]+)/?$,supplier-invoice-list,{},,
accounting/api/^supplier-invoices/(?P<pk>[^/.]+)/$,supplier-invoice-detail,{},,
accounting/api/^supplier-invoices/(?P<pk>[^/.]+)\.(?P<format>[a-z0-9]+)/?$,supplier-invoice-detail,{},,
accounting/api/^$,api-root,{},,
accounting/api/^\.(?P<format>[a-z0-9]+)/?$,api-root,{},,
ai-decision/dashboard/,ai_dashboard,{},,
ai-decision/learning/dashboard/,ai_learning_dashboard,{},,
ai-decision/list/,list,{},,
ai-decision/reports/,ai_reports_dashboard,{},,
ai-decision/reports/dashboard/,reports_dashboard,{},,
ai-decision/sales-analysis/,sales_analysis_report,{},,
ai-decision/analyze/,analyze_decision,{},,
ai-decision/report/,decision_report,{},,
ai-decision/history/,decision_history,{},,
ai-decision/report/pdf/,ai_report_pdf,{},,
ai-decision/report/excel/,ai_report_excel,{},,
ai-decision/report/csv/,ai_report_csv,{},,
ai-decision/,copilot,{},,
ai-decision/query/,copilot_query,{},,
ai-decision/ocr/upload/,ocr_upload_view,{},,
ai-decision/predictive/,ai_predictive_analysis,{},,
ai-decision/assistant-api/,ai_decision_assistant_api,{},,
ai-decision/visual-dashboard/,ai_visual_dashboard,{},,
voice-commands/upload/,upload_voice,{},,
voice-commands/logs/,voice_logs,{},,
tracking/dashboard/,tracking_dashboard,{},,
tracking/create/,tracking_create,{},,
tracking/export/pdf/,tracking_pdf,{},,
tracking/export/excel/,tracking_excel,{},,
tracking/customer/,tracking_customer_view,{},,
tracking/movements/,tracking_movement_dashboard,{},,
tracking/movements/create/,movement_create,{},,
tracking/api/track/,api_track_shipment,{},,
tracking/report/advanced/,advanced_tracking_report,{},,
survey/<int:survey_id>/,take_survey,{},,
survey/thanks/,thanks,{},,
survey/<int:survey_id>/results/,survey_results,{},,
survey/<int:survey_id>/export/pdf/,export_survey_pdf,{},,
survey/<int:survey_id>/export/excel/,export_survey_excel,{},,
maintenance/log/,log_maintenance,{},,
maintenance/logs/,maintenance_logs,{},,
maintenance/logs/pdf/,maintenance_logs_pdf,{},,
maintenance/logs/excel/,maintenance_logs_excel,{},,
monitoring/orders/create/,create_order,{},,
monitoring/orders/,order_list,{},,
monitoring/shipments/create/,create_shipment,{},,
monitoring/shipments/,shipment_list,{},,
monitoring/shipments/pdf/,shipment_pdf,{},,
monitoring/shipments/excel/,shipment_excel,{},,
internal-monitoring/dashboard/,risk_dashboard,{},,
sales/dashboard/,dashboard,{},,
sales/invoices/,invoice_list,{},,
sales/invoices/create/,invoice_create,{},,
sales/performance/,performance,{},,
sales/suggestions/,suggestions,{},,
sales/invoice/<int:invoice_id>/print/,invoice_print,{},,
sales/invoice/<int:invoice_id>/pdf/,invoice_pdf,{},,
sales/create-sale/,create_sale,{},,
whatsapp-bot/dashboard/,whatsapp_dashboard,{},,
clients/,client_list,{},,
clients/create/,client_create,{},,
clients/update/<int:pk>/,client_update,{},,
clients/delete/<int:pk>/,client_delete,{},,
clients/ai/<int:pk>/,client_ai_insight,{},,
clients/pdf/<int:pk>/,client_pdf_view,{},,
clients/analysis/,client_analysis_dashboard,{},,
media/,media_list,{},,
media/upload/,upload_media,{},,
media/download/pdf/,media_download_pdf,{},,
media/download/excel/,media_download_excel,{},,
media/<int:pk>/,media_detail,{},,
bi/,dashboard,{},,
bi/sales/,sales_analytics,{},,
bi/clients/,client_analytics,{},,
bi/finance/,financial_analytics,{},,
bi/export/pdf/,export_bi_pdf,{},,
bi/export/excel/,export_bi_excel,{},,
campaigns/,campaign_list,{},,
campaigns/create/,create_campaign,{},,
campaigns/<int:pk>/,campaign_detail,{},,
client-portal/,dashboard,{},,
client-portal/ticket/,submit_ticket,{},,
contracts/,contract_list,{},,
contracts/create/,create_contract,{},,
contracts/<int:pk>/,contract_detail,{},,
crm/leads/,lead_list,{},,
crm/lead/<int:pk>/,lead_detail,{},,
crm/lead/<int:pk>/interaction/,add_interaction,{},,
crm/lead/<int:pk>/opportunity/,add_opportunity,{},,
legal/,legal_case_list,{},,
legal/create/,create_legal_case,{},,
legal/<int:pk>/,legal_case_detail,{},,
mobile/,dashboard,{},,
notifications/,list,{},,
notifications/<int:pk>/read/,mark_as_read,{},,
notifications/export/pdf/,export_pdf,{},,
notifications/export/excel/,export_excel,{},,
notifications/api/^notifications/$,notification-list,{},,
notifications/api/^notifications\.(?P<format>[a-z0-9]+)/?$,notification-list,{},,
notifications/api/^notifications/(?P<pk>[^/.]+)/$,notification-detail,{},,
notifications/api/^notifications/(?P<pk>[^/.]+)\.(?P<format>[a-z0-9]+)/?$,notification-detail,{},,
notifications/api/^notifications/(?P<pk>[^/.]+)/mark_read/$,notification-mark-read,{},,
notifications/api/^notifications/(?P<pk>[^/.]+)/mark_read\.(?P<format>[a-z0-9]+)/?$,notification-mark-read,{},,
notifications/api/^$,api-root,{},,
notifications/api/^\.(?P<format>[a-z0-9]+)/?$,api-root,{},,
offline-sync/,dashboard,{},,
pos/open-session/,open_session,{},,
pos/close-session/<int:session_id>/,close_session,{},,
pos/new-order/<int:session_id>/,new_order,{},,
pos/order/<int:order_id>/,order_detail,{},,
projects/,project_list,{},,
projects/<int:pk>/,project_detail,{},,
projects/create/,create_project,{},,
projects/task/<int:pk>/update/,update_task_status,{},,
purchases/request/new/,purchase_request_create,{},,
purchases/,purchase_list,{},,
purchases/order/<int:request_id>/,purchase_order_create,{},,
purchases/invoice/<int:order_id>/,purchase_invoice_create,{},,
risk-management/,risk_list,{},,
risk-management/add/,risk_add,{},,
risk-management/<int:pk>/,risk_detail,{},,
shipping/,shipment_list,{},,
shipping/create/,create_shipment,{},,
shipping/update/<int:pk>/,update_shipment,{},,
shipping/track/<str:tracking_number>/,track_shipment,{},,
suppliers/,list,{},,
suppliers/add/,add,{},,
suppliers/<int:pk>/edit/,edit,{},,
suppliers/export/pdf/,export_pdf,{},,
suppliers/export/excel/,export_excel,{},,
suppliers/api/^suppliers/$,supplier-list,{},,
suppliers/api/^suppliers\.(?P<format>[a-z0-9]+)/?$,supplier-list,{},,
suppliers/api/^suppliers/(?P<pk>[^/.]+)/$,supplier-detail,{},,
suppliers/api/^suppliers/(?P<pk>[^/.]+)\.(?P<format>[a-z0-9]+)/?$,supplier-detail,{},,
suppliers/api/^suppliers/(?P<pk>[^/.]+)/invoices/$,supplier-supplier-invoices,{},,
suppliers/api/^suppliers/(?P<pk>[^/.]+)/invoices\.(?P<format>[a-z0-9]+)/?$,supplier-supplier-invoices,{},,
suppliers/api/^$,api-root,{},,
suppliers/api/^\.(?P<format>[a-z0-9]+)/?$,api-root,{},,
support/,ticket_list,{},,
support/ticket/<int:pk>/,ticket_detail,{},,
support/ticket/<int:pk>/response/,add_response,{},,
support/ticket/create/,create_ticket,{},,
api-gateway/sales/,sales_data,{},,
api-gateway/clients/<int:client_id>/balance/,client_balance,{},,
api-gateway/products/stock/,product_stock,{},,
asset-lifecycle/,asset_list,{},,
asset-lifecycle/create/,asset_create,{},,
backup-center/,dashboard,{},,
communication/,thread_list,{},,
communication/<int:thread_id>/,thread_chat,{},,
dashboard-center/,,{},,
dashboard-center/overview/,overview,{},,
demand-forecasting/,forecast_list,{},,
demand-forecasting/generate/,forecast_generate,{},,
document-center/,document_list,{},,
document-center/upload/,document_upload,{},,
expenses/,expense_list,{},,
expenses/create/,expense_create,{},,
internal-bot/,chat,{},,
knowledge-center/,article_list,{},,
knowledge-center/create/,article_create,{},,
recruitment/,job_list,{},,
recruitment/<int:job_id>/apply/,apply_job,{},,
rfq/,rfq_list,{},,
rfq/create/,rfq_create,{},,
rfq/<int:pk>/,rfq_detail,{},,
vendor-portal/,dashboard,{},,
warehouse-map/,map_overview,{},,
warehouse-map/zone/add/,add_zone,{},,
warehouse-map/location/add/,add_location,{},,
work-regulations/,view_work_regulation,{},,
work-regulations/agree/<int:regulation_id>/,agree_to_regulation,{},,
workflow/,workflow_list,{},,
workflow/create/,workflow_create,{},,
theme-manager/,overview,{},,
dark-mode/,overview,{},,
i18n/setlang/,set_language,{},,
set-language/,set_language,{},,
^media/(?P<path>.*)$,,{'document_root': WindowsPath('D:/ERP_CORE/media')},,
^static/(?P<path>.*)$,,{},,
